{
  "meta": {
    "git_rev": "51e6eda",
    "python": "3.12.12",
    "timestamp": "2026-06-12T11:16:58"
  },
  "results": {
    "initial_render_wide": {
      "inner": 1,
      "repeats": 10,
      "times": [
        0.23066174995619804,
        0.2229511250043288,
        0.23814095801208168,
        0.3301374160218984,
        0.2510304580209777,
        0.24094420892652124,
        0.31956458394415677,
        0.2731753340922296,
        0.22426333301700652,
        0.24640166701283306
      ],
      "min": 0.2229511250043288,
      "median": 0.24367293796967715,
      "mean": 0.2577270834008232
    },
    "initial_render_deep": {
      "inner": 1,
      "repeats": 10,
      "times": [
        0.030452166916802526,
        0.02862891706172377,
        0.0333507910836488,
        0.0270249160239473,
        0.03320666600484401,
        0.019297457998618484,
        0.02882358292117715,
        0.03225370903965086,
        0.01854583399835974,
        0.019194458960555494
      ],
      "min": 0.01854583399835974,
      "median": 0.02872624999145046,
      "mean": 0.027077850000932813
    },
    "leaf_update": {
      "inner": 10,
      "repeats": 10,
      "times": [
        0.015494420810136944,
        0.014060587494168431,
        0.014436191704589874,
        0.01429853750159964,
        0.015158804098609835,
        0.013711391703691334,
        0.014806087501347065,
        0.014974074997007846,
        0.014965824992395937,
        0.014798099990002811
      ],
      "min": 0.013711391703691334,
      "median": 0.014802093745674937,
      "mean": 0.014670402079354971
    },
    "root_update": {
      "inner": 5,
      "repeats": 10,
      "times": [
        0.015482741803862155,
        0.014879783405922354,
        0.014942825003527106,
        0.014931241609156131,
        0.01512322500348091,
        0.015350033389404416,
        0.0151999750174582,
        0.015496516600251198,
        0.015037558390758932,
        0.015678075002506377
      ],
      "min": 0.014879783405922354,
      "median": 0.015161600010469557,
      "mean": 0.015212197522632778
    },
    "memo_subtree_skip": {
      "inner": 10,
      "repeats": 10,
      "times": [
        0.017278562509454788,
        0.016307137499097735,
        0.014772579201962798,
        0.01527914999751374,
        0.014424924994818867,
        0.014807312504854054,
        0.01564709999365732,
        0.018269433302339166,
        0.016703291703015564,
        0.0172665833029896
      ],
      "min": 0.014424924994818867,
      "median": 0.015977118746377528,
      "mean": 0.016075607500970365
    },
    "list_reorder": {
      "inner": 2,
      "repeats": 10,
      "times": [
        0.01760525000281632,
        0.020027416467200965,
        0.016039874986745417,
        0.016111333505250514,
        0.016103937465231866,
        0.015417291491758078,
        0.015166437486186624,
        0.015276812482625246,
        0.015222146001178771,
        0.015633792034350336
      ],
      "min": 0.015166437486186624,
      "median": 0.015836833510547876,
      "mean": 0.016260429192334412
    },
    "burst_updates": {
      "inner": 50,
      "repeats": 10,
      "times": [
        0.0010565624991431832,
        0.0009308541798964142,
        0.0009003591584041715,
        0.0009772566589526831,
        0.0009459341596812009,
        0.0009503699978813529,
        0.0010052133398130536,
        0.0009212183183990418,
        0.000943806660361588,
        0.0008711291593499482
      ],
      "min": 0.0008711291593499482,
      "median": 0.0009448704100213944,
      "mean": 0.0009502704131882638
    },
    "force_update_wide": {
      "inner": 3,
      "repeats": 10,
      "times": [
        0.01322981936391443,
        0.01367387497642388,
        0.014573221987423798,
        0.014558930648490787,
        0.014210000013311705,
        0.01423843065276742,
        0.01534793033109357,
        0.014027194663261374,
        0.014674083329737186,
        0.013558611002129814
      ],
      "min": 0.01322981936391443,
      "median": 0.014224215333039563,
      "mean": 0.014209209696855397
    },
    "teardown_wide": {
      "inner": 1,
      "repeats": 10,
      "times": [
        0.013614999945275486,
        0.015679750009439886,
        0.01320549997035414,
        0.013918375014327466,
        0.01228120899759233,
        0.015673333080485463,
        0.013319417019374669,
        0.013939082971774042,
        0.012780957971699536,
        0.012985332985408604
      ],
      "min": 0.01228120899759233,
      "median": 0.013467208482325077,
      "mean": 0.013739795796573162
    }
  }
}
