{
  "meta": {
    "git_rev": "2722898",
    "python": "3.12.12",
    "timestamp": "2026-06-12T11:38:15"
  },
  "results": {
    "initial_render_wide": {
      "inner": 1,
      "repeats": 10,
      "times": [
        0.19347274990286678,
        0.19373712502419949,
        0.1976718750083819,
        0.19139725004788488,
        0.19096625002566725,
        0.1940465000225231,
        0.19406091701239347,
        0.20125320798251778,
        0.19182295899372548,
        0.19263199996203184
      ],
      "min": 0.19096625002566725,
      "median": 0.19360493746353313,
      "mean": 0.1941060833982192
    },
    "initial_render_deep": {
      "inner": 1,
      "repeats": 10,
      "times": [
        0.016087417025119066,
        0.015859167091548443,
        0.015675000031478703,
        0.016239666030742228,
        0.01588545902632177,
        0.015850082971155643,
        0.016438042046502233,
        0.015637417091056705,
        0.01589766691904515,
        0.015449333004653454
      ],
      "min": 0.015449333004653454,
      "median": 0.015872313058935106,
      "mean": 0.015901925123762338
    },
    "leaf_update": {
      "inner": 10,
      "repeats": 10,
      "times": [
        0.0006243415991775692,
        0.000684187503065914,
        0.0007000250043347478,
        0.0006291792029514909,
        0.0007047667051665485,
        0.0006811624974943697,
        0.0007049791980534792,
        0.0006596207967959344,
        0.0007065083016641438,
        0.0006788500002585351
      ],
      "min": 0.0006243415991775692,
      "median": 0.0006826750002801418,
      "mean": 0.0006773620808962732
    },
    "root_update": {
      "inner": 5,
      "repeats": 10,
      "times": [
        0.012096841796301305,
        0.007931491592898965,
        0.008305716793984175,
        0.0076856916071847085,
        0.007186225010082125,
        0.007231783401221037,
        0.007334250002168119,
        0.007351474999450147,
        0.0072177166119217874,
        0.007220600009895861
      ],
      "min": 0.007186225010082125,
      "median": 0.007342862500809132,
      "mean": 0.007956179182510823
    },
    "memo_subtree_skip": {
      "inner": 10,
      "repeats": 10,
      "times": [
        0.0010647415998391806,
        0.0010534500004723668,
        0.0010711375041864812,
        0.001035875000525266,
        0.001058658305555582,
        0.0010654916055500506,
        0.001080041704699397,
        0.0010764250066131354,
        0.0010346333030611277,
        0.0010573833948001265
      ],
      "min": 0.0010346333030611277,
      "median": 0.0010616999526973812,
      "mean": 0.0010597837425302713
    },
    "list_reorder": {
      "inner": 2,
      "repeats": 10,
      "times": [
        0.007312562491279095,
        0.007310937508009374,
        0.007908208470325917,
        0.007593104033730924,
        0.007406124961562455,
        0.007432270504068583,
        0.007562521030195057,
        0.007555854506790638,
        0.007610416505485773,
        0.007751395984087139
      ],
      "min": 0.007310937508009374,
      "median": 0.007559187768492848,
      "mean": 0.007544339599553496
    },
    "burst_updates": {
      "inner": 50,
      "repeats": 10,
      "times": [
        0.0005163283203728497,
        0.0005055775004439056,
        0.0005126833403483034,
        0.0005058775003999471,
        0.0005001283204182982,
        0.0004969966784119606,
        0.0005054949992336333,
        0.000495665839407593,
        0.0005176850012503564,
        0.0005084858392365276
      ],
      "min": 0.000495665839407593,
      "median": 0.0005057275004219264,
      "mean": 0.0005064923339523375
    },
    "force_update_wide": {
      "inner": 3,
      "repeats": 10,
      "times": [
        0.006288416644868751,
        0.006416722006785373,
        0.006311861332505941,
        0.006343069680345555,
        0.006681402679532766,
        0.006335861010787387,
        0.006432763688887159,
        0.006651041641210516,
        0.006588194364060958,
        0.006504069315269589
      ],
      "min": 0.006288416644868751,
      "median": 0.006424742847836266,
      "mean": 0.0064553402364254
    },
    "teardown_wide": {
      "inner": 1,
      "repeats": 10,
      "times": [
        0.013195000006817281,
        0.01193504105322063,
        0.011443333001807332,
        0.011870082933455706,
        0.011752458056434989,
        0.011444458039477468,
        0.011670749983750284,
        0.012636250001378357,
        0.012250167084857821,
        0.012457750039175153
      ],
      "min": 0.011443333001807332,
      "median": 0.011902561993338168,
      "mean": 0.012065529020037501
    }
  }
}
