{
  "meta": {
    "git_rev": "b23927a",
    "python": "3.12.12",
    "timestamp": "2026-06-12T12:09:24"
  },
  "results": {
    "initial_render_wide": {
      "inner": 1,
      "repeats": 10,
      "times": [
        0.16581695806235075,
        0.15514691697899252,
        0.15857724996749312,
        0.2585207079537213,
        0.16281079198233783,
        0.1583621249301359,
        0.15629070799332112,
        0.159947625012137,
        0.16289833292830735,
        0.1921248339349404
      ],
      "min": 0.15514691697899252,
      "median": 0.16137920849723741,
      "mean": 0.17304962497437373
    },
    "teardown_wide": {
      "inner": 1,
      "repeats": 10,
      "times": [
        0.013377250055782497,
        0.013801792054437101,
        0.012641833047382534,
        0.01367874990683049,
        0.014215542003512383,
        0.014204374980181456,
        0.01272583391983062,
        0.01497374998871237,
        0.012800749973393977,
        0.012755332980304956
      ],
      "min": 0.012641833047382534,
      "median": 0.013527999981306493,
      "mean": 0.013517520891036838
    },
    "leaf_update": {
      "inner": 10,
      "repeats": 10,
      "times": [
        0.0006789457984268665,
        0.0006692250026389956,
        0.0007123082992620766,
        0.000673416699282825,
        0.0006961541948840022,
        0.0007728417054750025,
        0.0008166874991729856,
        0.000751437502913177,
        0.000726241699885577,
        0.0007066291058436036
      ],
      "min": 0.0006692250026389956,
      "median": 0.0007094687025528401,
      "mean": 0.0007203887507785112
    }
  }
}
